{
    "description": "Seven Segment library for Arduino", 
    "repository": {
        "url": "https://github.com/sparkfun/SevSeg", 
        "type": "git"
    }, 
    "platforms": [
        "atmelavr", 
        "atmelsam", 
        "espressif8266", 
        "intel_arc32", 
        "microchippic32", 
        "nordicnrf51", 
        "teensy", 
        "timsp430"
    ], 
    "export": {
        "exclude": [
            "extras", 
            "docs", 
            "tests", 
            "test", 
            "*.doxyfile", 
            "*.pdf"
        ], 
        "include": null
    }, 
    "authors": [
        {
            "maintainer": true, 
            "name": "SparkFun Electronics", 
            "url": null, 
            "email": null
        }
    ], 
    "keywords": [
        "display"
    ], 
    "id": 1301, 
    "name": "SevSeg", 
    "frameworks": [
        "arduino"
    ], 
    "version": "1.0.2", 
    "homepage": null
}